0x4F7eF9d21fc5E8B83d37386e5507c34bF87CFC90,1103084282000000000000
0xBb6187fe3dCB8D99e1A5991b2a81F02D5e497bFb,2206168563000000000000
0x7e0EA36c5bA39Da24e7B25E0F1819BB26c0DBcD1,1654626423000000000000
0xE1836BC9EE4b4441e9E6824F70D9fa70E3Bbe84a,1103084282000000000000
0x7e0EA36c5bA39Da24e7B25E0F1819BB26c0DBcD1,551542140900000000000
0x7D5140eF8ee09bc79F110d0b3e33FE66b337A30f,1654626423000000000000
0x6a9E1E157f0E02b69A81B868F29b2D44468F161E,3860794986000000000000
0xa39499489936C0b0aad84eEf76DbDB79Dd863bba,2757710704000000000000
0x075E3E705dcF565A59798bf584f1521623A9B24c,6618505690000000000000
0xEFc53997a1143f6EC7d56a1b9CB8A137442F2Fd1,551542140900000000000
0x075E3E705dcF565A59798bf584f1521623A9B24c,551542140900000000000
0x616C5bA33E28659F7Dc5DF009Df85ff0BBb405Cb,6618505690000000000000
0x07862Bde5dc512a6783020Dbd10094dc26F10073,6618505690000000000000
0x616C5bA33E28659F7Dc5DF009Df85ff0BBb405Cb,6618505690000000000000
0x221e438E4A8Fc6569457bAe62CbCcDb8b5b02a93,2206168563000000000000
0x6a9E1E157f0E02b69A81B868F29b2D44468F161E,3860794986000000000000
0x6B399E1eEe3b97afBfD33e94900636AaFD1A001c,1654626423000000000000
0xCb884A23577B6fe4193a8775F1D0131aaC5c30d3,1654626423000000000000
0xEC733cEE2C613b3BE783c712d8Fd8831eE53691C,1654626423000000000000
0x616C5bA33E28659F7Dc5DF009Df85ff0BBb405Cb,6618505690000000000000
0x07862Bde5dc512a6783020Dbd10094dc26F10073,1103084282000000000000
0x616C5bA33E28659F7Dc5DF009Df85ff0BBb405Cb,3309252845000000000000
0x7B5BF738f19CB5E8a2a787367516bbE71C8f42B3,551542140900000000000
0xE03E36F8687C5Ce98682c84E5aDAC6d37487Ddd3,551542140900000000000
0xA64f0d632C005C0E76276a4e4013b117F3934e61,3860794986000000000000
0x73339C955c96bdfa1C2C9b9ca3d95429875Dd569,5515421409000000000000
0x3D0ECf515E8F8E8784D4be6e8654388d8eb717a5,6618505690000000000000
0x00ea890138fC0a6B06aF15b420353c3d12841dF7,6618505690000000000000
0x4F9099d1C393bFB576f6E541E4BdC42d5050366f,5515421409000000000000
0x73339C955c96bdfa1C2C9b9ca3d95429875Dd569,6066963549000000000000
0x9D06DCCb9f5D1C79Dce56003549815DC1F3cDAc2,1103084282000000000000
0xCdC9Ee92c4DBe054b84ffea9757d47dc8A00E5f9,5515421409000000000000
0x3D0ECf515E8F8E8784D4be6e8654388d8eb717a5,6618505690000000000000
0x3D0ECf515E8F8E8784D4be6e8654388d8eb717a5,6066963549000000000000
0x00ea890138fC0a6B06aF15b420353c3d12841dF7,6618505690000000000000
0xE7f83EE560526B468b72FB0C7A79Ee8Df94C9341,2206168563000000000000
0xf08657918BBc119B9929Ee06c7CE8d8FfdE48FA4,1654626423000000000000
0x00ea890138fC0a6B06aF15b420353c3d12841dF7,6618505690000000000000
0xCdC9Ee92c4DBe054b84ffea9757d47dc8A00E5f9,5515421409000000000000
0xe65130C719584A68D48e2968E79e19d5dAf1e983,551542140900000000000
0x64e4BC6401F96d678Cfed475F74ee9c33b1514bd,551542140900000000000
0x9de2b52bF7a17593B75450aEFCE337A2B6434444,2206168563000000000000
0x022733ecC4FD9FE2b5525eBf3123BC4Ee9D1A80D,6618505690000000000000
0x822d5a1AE66c55AF73e98B9A68313a7eDD8dfF67,6618505690000000000000
0x822d5a1AE66c55AF73e98B9A68313a7eDD8dfF67,1654626423000000000000
0xE01B42995D6dCE9334D22B6cF9995c3fAE425FA6,2206168563000000000000
0x7Fe28c576Bd821d495a08e244d11Cf33069b17C0,551542140900000000000
0x74846a0745d0BbFE97f93d6091B5d09763bE70B9,6618505690000000000000
0x1D4c05EB659Fe28FF58ffe6CA672ACb6c55E86D2,6618505690000000000000
0x1D4c05EB659Fe28FF58ffe6CA672ACb6c55E86D2,1103084282000000000000
0x74846a0745d0BbFE97f93d6091B5d09763bE70B9,6618505690000000000000
0x74846a0745d0BbFE97f93d6091B5d09763bE70B9,6618505690000000000000
0x279f48154D408D8f8b392923195E067E64018929,6618505690000000000000
0xe65130C719584A68D48e2968E79e19d5dAf1e983,1654626423000000000000
0xf50Fee3A8196e49bfb6501e86411936EcB03E952,551542140900000000000
0x74846a0745d0BbFE97f93d6091B5d09763bE70B9,6618505690000000000000
0x279f48154D408D8f8b392923195E067E64018929,6618505690000000000000
0x279f48154D408D8f8b392923195E067E64018929,4412337127000000000000
0x74846a0745d0BbFE97f93d6091B5d09763bE70B9,6618505690000000000000
0xB7EA6b741A0f0E4c2b21629C4157bd3Ece43d88C,3309252845000000000000
0x433483e8BBcd31703bfbb265a587588177268cAb,6618505690000000000000
0x433483e8BBcd31703bfbb265a587588177268cAb,6618505690000000000000
0x433483e8BBcd31703bfbb265a587588177268cAb,6618505690000000000000
0x5CD3D358426843abADDD6b0848De97b6C48a0801,1654626423000000000000
0xE1836BC9EE4b4441e9E6824F70D9fa70E3Bbe84a,2206168563000000000000
0x95D04983ea58ded31d8AbfB823B5eaE864681bF7,2757710704000000000000
0xd9873df817AE38dbeE1D2aF25d3c206E1F826F44,1654626423000000000000
0x31aa2a65Df21BdD1C933e27CfF772fc16119ADFA,6066963549000000000000
0xC2716B34012AD0Af006a908d41B8e2BC6a42EC24,551542140900000000000
0x31aa2a65Df21BdD1C933e27CfF772fc16119ADFA,6066963549000000000000
0x71639c22bd39378b762309623590aa6fF1373c43,2757710704000000000000
0xE146DFE9ca701d75FFFE47cA15249964396C36a8,2206168563000000000000
0x6F5ee0A3Bb2B8BfAe3430d09216A6DeAebB81B7A,4412337127000000000000
0xe2903eC8F0e117D0956F220933A5d9F4c7Cd312b,6618505690000000000000
0xc066e3A0a4e824ca34D94338BbBc984ccbC781d2,551542140900000000000
0x239374fE72E1322aD44007A24C4217fab1FA39E0,4963879268000000000000
0xD836f3778BAf489f78cc0efdd4E464505668A5c8,2206168563000000000000
0xe2903eC8F0e117D0956F220933A5d9F4c7Cd312b,6066963549000000000000
0xd35698a341C1F0862F65Bb0E00DFF0a592F5f728,4963879268000000000000
0xCC8b0d940F3C450593b06e92e74C96b7908765f1,5515421409000000000000
0x983268d0047121Af20a054Cdf91808fCc79D2396,6618505690000000000000
0xD26C59651B5ED6F83673e9c14b86910A81A3ac23,1654626423000000000000
0xc56f63451E6e123cEB5DA1019A07d53f194f5B48,1654626423000000000000
0x36d68E8b6a46F1a4538AF4Ba29d91D78fD6A4182,5515421409000000000000
0x5fD5942c70C433630DeD2866564cE6154b30DF1d,3860794986000000000000
0x463aF3092D5E7A3150a69d3c80BcE6428C384d4e,551542140900000000000
0x74846a0745d0BbFE97f93d6091B5d09763bE70B9,6618505690000000000000
0x74846a0745d0BbFE97f93d6091B5d09763bE70B9,6618505690000000000000
0xcdFbFA3309fB7e8Bc604F27f42D906f8E62B7797,2757710704000000000000
0xBdc2F13A3D4c1852568Fe95dA71A88a7253EDA51,6618505690000000000000
0x0c5D1220b0dFaEd89707E11328d29b3202FfcD5e,3309252845000000000000
0x34f763fEBE8B58c952b31bD53c376Fcd02DC8Bb8,4963879268000000000000
0x74846a0745d0BbFE97f93d6091B5d09763bE70B9,6618505690000000000000
0x74846a0745d0BbFE97f93d6091B5d09763bE70B9,6618505690000000000000
0x1bbDa612525d0361a0C46fc001830a6E0dDb7eAa,5515421409000000000000
0x74846a0745d0BbFE97f93d6091B5d09763bE70B9,6618505690000000000000
0x74846a0745d0BbFE97f93d6091B5d09763bE70B9,6618505690000000000000
0xA8e770D5976A2E54F9D5c3A16c41a1aACa0244D6,2206168563000000000000
0xb7846A827E60756dAa7aef93De4E7D3926B35F04,2206168563000000000000
0x74846a0745d0BbFE97f93d6091B5d09763bE70B9,6618505690000000000000
0x74846a0745d0BbFE97f93d6091B5d09763bE70B9,3309252845000000000000
0x64BED09E2a35711d1635CeDFB4330948cF36d851,1654626423000000000000
0x5b30aC36951E5E89F12606B3AB65883c98051622,3309252845000000000000
0x06cADC487479d39082d91e5FDc4D79a534fd960f,1654626423000000000000
0x433483e8BBcd31703bfbb265a587588177268cAb,6618505690000000000000
0x433483e8BBcd31703bfbb265a587588177268cAb,6618505690000000000000
0xA92cd70cEA6D7D4b653a478DDeD8845362f04ecb,1654626423000000000000
0x075E3E705dcF565A59798bf584f1521623A9B24c,6618505690000000000000
0x075E3E705dcF565A59798bf584f1521623A9B24c,6066963549000000000000
0x07862Bde5dc512a6783020Dbd10094dc26F10073,6618505690000000000000
0x1090438FcaF18F8d632b2cEC525e8D22aCF8C10c,3309252845000000000000
0xc84B9Eb01921843ea53C6314fBf7f4051A8Ee012,5515421409000000000000
0x21b60c7a211365c9C662A6c96F00D9aCBB689431,1654626423000000000000
0xd8148089D92E5579D5aD38Cf194f449893BA28C9,1654626423000000000000
0x07862Bde5dc512a6783020Dbd10094dc26F10073,551542140900000000000
0x9C9E22B6d527a68279f8BdA25FdE4536341C3B8F,1654626423000000000000
0x3D0ECf515E8F8E8784D4be6e8654388d8eb717a5,5515421409000000000000
0x28608Fe38BAce2Ccbc7CD00D7188eB2fcf46720C,1654626423000000000000
0x31BBA48CCE883e6E3a1819FdEEdedb175D6F028E,1654626423000000000000
0x9557144de0EdaCD8b409Ca3b26965FF281129c1a,1654626423000000000000
0x3D0ECf515E8F8E8784D4be6e8654388d8eb717a5,6618505690000000000000
0x55CE30da603B3F3430C0A2782cE5E0aDE8318c84,1654626423000000000000
0x9ca5FF1dA81f58e3BBEf308027489A76Ce51A3d8,3309252845000000000000
0x7452faFF02a9678061220445Ad59c9E869baf2A9,5515421409000000000000
0x1205942BD0e22f22099f51eccc0B799D9Eaf89f4,1654626423000000000000
0xA68a00a7b74d0362cae1D6DBEA1797D8717dCc93,1654626423000000000000
0x22fB43726E729dD87cE62C7549636730ca444050,3309252845000000000000
0xa39499489936C0b0aad84eEf76DbDB79Dd863bba,551542140900000000000
0xFa265a98732Ad5267a1D9DB8da434aaBc4BA18c0,6618505690000000000000
0xFa265a98732Ad5267a1D9DB8da434aaBc4BA18c0,6618505690000000000000
0x67c222D79349f4F1bE073b290ef4d486861da091,4412337127000000000000
0xbEfF8217477165E49eb3cf5A6D72556E960A2B7F,6618505690000000000000
0x44415C6431DbEDb2e71B08F7555cdfc588E7a151,551542140900000000000
0x3D0ECf515E8F8E8784D4be6e8654388d8eb717a5,6618505690000000000000
0x11b2dB167E4Bd6d37AC327c6eA31BAB543D5f399,551542140900000000000
0x6590324dB19418308694855661D3ACfb60F40a4D,1103084282000000000000
0x413Cb059a15f1De3FC236E432149918E46F4e6ed,2206168563000000000000
0x3D0ECf515E8F8E8784D4be6e8654388d8eb717a5,6618505690000000000000
0x4660Ab36ccD9c7F202888295C9B09C0411EC8b10,1654626423000000000000
0xFa265a98732Ad5267a1D9DB8da434aaBc4BA18c0,6618505690000000000000
0xe65130C719584A68D48e2968E79e19d5dAf1e983,3309252845000000000000
0xCfC852e4Dd47D6945698D9f998e6D77afC70825b,551542140900000000000
0x3D0ECf515E8F8E8784D4be6e8654388d8eb717a5,6618505690000000000000
0x8c62482f04E5c4880ada47b0aaE7DB1f41A075f6,1654626423000000000000
0x3D0ECf515E8F8E8784D4be6e8654388d8eb717a5,6618505690000000000000
0x20f7F9b7C1AEF55106b9c4cF66fB316346B73B41,1103084282000000000000
0xA3e2A974a9C64BA00A6baA7A30aAB6ebc6B79361,3309252845000000000000
0x52644D60EAC051826Ae2a06948697a340bDF9219,551542140900000000000
0xE01B42995D6dCE9334D22B6cF9995c3fAE425FA6,1654626423000000000000
0x83ebE573bFb90BBA32b474C3335Ca605b09A0bDD,2757710704000000000000
0x433483e8BBcd31703bfbb265a587588177268cAb,6618505690000000000000
0x433483e8BBcd31703bfbb265a587588177268cAb,6618505690000000000000
0x433483e8BBcd31703bfbb265a587588177268cAb,6618505690000000000000
0x433483e8BBcd31703bfbb265a587588177268cAb,3309252845000000000000
0xED6e29b74f23886198222CdD11b550A15253eE91,1103084282000000000000
0x121EC79e9Eb2540eB211797fa09052364A7d28C5,5515421409000000000000
0xEFB1bBD484FB263157Ff831C0aA4E656948c4C82,6618505690000000000000
0x6708dcC6D0Ae5f0EBf041bB6bD554e7B286CB3b3,1654626423000000000000
0x9AF963583849b475B3A0ad7494DD0b7DC98C6CA3,1103084282000000000000
0xaF41ECF2b33812D98Dd95BCbd535a96DB7f3f34C,1654626423000000000000
0x36F3063183ca5345aFD6398178766f1967f682A0,551542140900000000000
0x3F09De61006749d249F39A6A271C2945D01F1d02,1103084282000000000000
0xfBE6006A193560150F63902B7C8B69fa8739Bc95,2206168563000000000000
0x41c2FBd5aDa023975d2c950bd4ECF93A6c2c97Ea,1654626423000000000000
0x74984cf9640Faf8E4990701aEB04F732cE136E3c,1654626423000000000000
0xFa265a98732Ad5267a1D9DB8da434aaBc4BA18c0,6618505690000000000000
0x353e98116a4FcA6b58902Cb583E560d2a024431D,3309252845000000000000
0xFa265a98732Ad5267a1D9DB8da434aaBc4BA18c0,6618505690000000000000
0x863ab57e290e71AB618684991D4D2F569E798faD,1654626423000000000000
0x857D165BE26B64a691eb225b6b1e4b64124e1a79,1654626423000000000000
0x8B883C6d8d675d833Ec74F226f34a608320D971a,1654626423000000000000
0xE0568C693f34A40D02aEF14F6D10D4777722865B,5515421409000000000000
0x5ab75956E646017a97391d62bD379821c6580475,6618505690000000000000
0x5ab75956E646017a97391d62bD379821c6580475,6618505690000000000000
0xE0568C693f34A40D02aEF14F6D10D4777722865B,5515421409000000000000
0x5ab75956E646017a97391d62bD379821c6580475,4963879268000000000000
0xcC7d830eD37b7dA4bcF6bCd4f2A09089DEF774B7,5515421409000000000000
0xfEb06507E3749A49A9ea331A81037b78BB293305,4963879268000000000000
0x41d83f790E9703B8fe43D9434aEc2cA259df18fF,4412337127000000000000
0x2d4fFc4C47f994cf0d42e3C55cEb7502055821e8,6618505690000000000000
0xCb884A23577B6fe4193a8775F1D0131aaC5c30d3,1654626423000000000000
0xd50c6DE81DEdAbb67a92eE98ab342AF1032F324a,1103084282000000000000
0xd50c6DE81DEdAbb67a92eE98ab342AF1032F324a,551542140900000000000
0xB9b40a1963720C0fc0a73aA279A04E0E940Eb6ff,2206168563000000000000
0x95cF9511Bf739cBD2935f6B35515d9e11c9C5434,2757710704000000000000
0xF3C3f536A70C09E7Eaf1E000809d5B6463c20573,6618505690000000000000
0x1de45454DB147D32F827Ca8223Ac09C45B2753a0,2206168563000000000000
0xFa265a98732Ad5267a1D9DB8da434aaBc4BA18c0,6618505690000000000000
0x65404Cf2d915703Df7Db23f1140e94f3e77fd9f2,551542140900000000000
0x1de45454DB147D32F827Ca8223Ac09C45B2753a0,3309252845000000000000
0x3849058bb15Be2B674fFf357a38D3C53d4c21095,1103084282000000000000
0x096A79F62Bd3D2b0F600C1733017d19Ed1B977B0,1103084282000000000000
0x887a9f0873D48d9CdCFDc003A9cd8F4C6A4EB027,551542140900000000000
0x2F298e77bA4Fd4c0B6878938F6b4071927954086,2206168563000000000000
0x2F298e77bA4Fd4c0B6878938F6b4071927954086,5515421409000000000000
0x2F298e77bA4Fd4c0B6878938F6b4071927954086,5515421409000000000000
0x2F298e77bA4Fd4c0B6878938F6b4071927954086,4412337127000000000000
0x0c442623B6B99C967d897077EA500E9aCddc8ab9,3309252845000000000000
0xDb7015dfb194eEAA2018d1904AeC01EeA43ECd65,1103084282000000000000
0x4fa268ff1EE3F33fcd14504E4e6377989341b7e2,1103084282000000000000
0xFa265a98732Ad5267a1D9DB8da434aaBc4BA18c0,6618505690000000000000
0xFa265a98732Ad5267a1D9DB8da434aaBc4BA18c0,6618505690000000000000
0xFa265a98732Ad5267a1D9DB8da434aaBc4BA18c0,6618505690000000000000
0x6aA45342916483d3f015d363B6151f25dF735dD1,1654626423000000000000
0xFa265a98732Ad5267a1D9DB8da434aaBc4BA18c0,6618505690000000000000
0xFa265a98732Ad5267a1D9DB8da434aaBc4BA18c0,6618505690000000000000
0xe65130C719584A68D48e2968E79e19d5dAf1e983,1654626423000000000000
0x2112C519dcdC58b1bDa919F6f728c19a838Dd372,2206168563000000000000
0x408C554D45e79cBfE1d671Ca6c3ea3a8FFE49B34,3309252845000000000000
0xFa265a98732Ad5267a1D9DB8da434aaBc4BA18c0,6618505690000000000000
0x40CBD23A880fC32c607291BeC687697CaABD8803,1654626423000000000000
0x5075F3b632EB8E16C4b14d04817701B7722eF786,551542140900000000000
0x7DC659Fe3CAC3d9dF1b24662fB9Ee5954cB6D308,1654626423000000000000
0x6Bf5EE5390E49AE8C0Fa1E4aDa41B7e69d6C4c9B,1654626423000000000000
0x810EcAc7a0f31dD0f32d68748a7242b1551E2496,2206168563000000000000
0x9397D779c63FAAF7F2e4c358a35E58bf53CcCFa1,1103084282000000000000
0x30Bb23A9b17D10F8a10386477254a1B67f31A82b,551542140900000000000
0x10Ea501CA01af7D91498987eA6340c7b51BAdDFF,551542140900000000000
0xbDE5935634469fb8090CFF5c891b5f99b4A679ED,1103084282000000000000
0x10Ea501CA01af7D91498987eA6340c7b51BAdDFF,551542140900000000000
0x671b7035a8a7c4072f14bD2C3060695d6b033484,1103084282000000000000
0xFa265a98732Ad5267a1D9DB8da434aaBc4BA18c0,6618505690000000000000
0xFa265a98732Ad5267a1D9DB8da434aaBc4BA18c0,6618505690000000000000
0xFa265a98732Ad5267a1D9DB8da434aaBc4BA18c0,6618505690000000000000
0x39aAB27a82c66bDB1bca68B0DE71819833cA62A5,1654626423000000000000
0xFa265a98732Ad5267a1D9DB8da434aaBc4BA18c0,6618505690000000000000
0xF8Fb5d7acB9eCd0B0050CbDd4c0a0647965F0DBF,551542140900000000000
0xFa265a98732Ad5267a1D9DB8da434aaBc4BA18c0,6618505690000000000000
0xFa265a98732Ad5267a1D9DB8da434aaBc4BA18c0,6618505690000000000000
0xFa265a98732Ad5267a1D9DB8da434aaBc4BA18c0,6618505690000000000000
0xFa265a98732Ad5267a1D9DB8da434aaBc4BA18c0,6618505690000000000000
0xFa265a98732Ad5267a1D9DB8da434aaBc4BA18c0,6618505690000000000000
0xFa265a98732Ad5267a1D9DB8da434aaBc4BA18c0,6618505690000000000000
0xFa265a98732Ad5267a1D9DB8da434aaBc4BA18c0,6618505690000000000000
0xFa265a98732Ad5267a1D9DB8da434aaBc4BA18c0,6618505690000000000000
0xFa265a98732Ad5267a1D9DB8da434aaBc4BA18c0,6618505690000000000000
0xFa265a98732Ad5267a1D9DB8da434aaBc4BA18c0,3860794986000000000000
0x4646Fd1a0153bA28B2A33433d811604c41ad6914,2757710704000000000000
0xD5cd2C1D39c2f1162E8056e7a79e09c681674f27,3309252845000000000000
0x11d5A07Cfcf40A445DF13C15f5c6D093c001ffBB,2757710704000000000000
0x11d5A07Cfcf40A445DF13C15f5c6D093c001ffBB,6618505690000000000000
0x11d5A07Cfcf40A445DF13C15f5c6D093c001ffBB,6618505690000000000000
0x11d5A07Cfcf40A445DF13C15f5c6D093c001ffBB,6618505690000000000000
0x11d5A07Cfcf40A445DF13C15f5c6D093c001ffBB,3309252845000000000000
0x14720EE0555Ac02aac7cD59a0D72Caf56025ca97,551542140900000000000
0x14720EE0555Ac02aac7cD59a0D72Caf56025ca97,1103084282000000000000
0x3cf2dde4b15AF46aa18864Ce94725f9019283576,1654626423000000000000
0x671b7035a8a7c4072f14bD2C3060695d6b033484,551542140900000000000
0x00ea890138fC0a6B06aF15b420353c3d12841dF7,4963879268000000000000
0xD3ad937516a7E19C3c9562462e3a9BEB554Be11E,551542140900000000000
0x2f2FD29Ca72D0550fd7C52c4a711dCe4fa731Eba,551542140900000000000
0x524d63FB924D0d7BbEB93b50a73d548bf388F04B,1654626423000000000000
0xD9052b142CEa223d913b6b786AA707C4E6C195dC,551542140900000000000
0xe10a69711a1e7034303f7a191FD448e5B2F552bF,1654626423000000000000
0xc64797e6caB5C08B68Bcd118e3A22761e582E241,1654626423000000000000
0xfcEA932cE672b998D3D06eAF140a3Ef29336c30E,4412337127000000000000
0xc6b094623AEef377974ad372B7a5D42a0faea524,5515421409000000000000
0x5E7649920B4bc9681b77480361A4d850e3b83388,4412337127000000000000
0xc6b094623AEef377974ad372B7a5D42a0faea524,4412337127000000000000
0xEFc53997a1143f6EC7d56a1b9CB8A137442F2Fd1,1103084282000000000000
0x946211AA9a8e1dc8652752715163402Dcf24035C,1654626423000000000000
0x09d6679f6913b32Ccf0CD3803e688a3a496452D7,1654626423000000000000
0x40c7E9977d99fD3Db838FfB1E312AD9E2423c457,6066963549000000000000
0x3849058bb15Be2B674fFf357a38D3C53d4c21095,1103084282000000000000
0x20f634dB547e9E64802F53E95565a82C0D26B031,1654626423000000000000
0x961e3d246748d00dcfC0894783bC0C161861C22B,1654626423000000000000
0xa1eA8228d2c3d0766E3817b22b7C2BE1aFaad2a2,1103084282000000000000
0x4F7934A9576a78213f821708298FBE51beDfb9DB,1654626423000000000000
0x4a20B67AC0519CF1677Da336eB300FA4132Af88e,6618505690000000000000
0x987780A38342516068e0166aF603939E41b61a1C,5515421409000000000000
0x104fcdbd268EB4091889d89E026be21e4b38868d,1654626423000000000000
0x8D618e25F34a17da3809C6222f5CAFF1410129A5,2757710704000000000000
0x987780A38342516068e0166aF603939E41b61a1C,5515421409000000000000
0x3849058bb15Be2B674fFf357a38D3C53d4c21095,3860794986000000000000
0x987780A38342516068e0166aF603939E41b61a1C,5515421409000000000000
0x987780A38342516068e0166aF603939E41b61a1C,5515421409000000000000
0x987780A38342516068e0166aF603939E41b61a1C,5515421409000000000000
0x3849058bb15Be2B674fFf357a38D3C53d4c21095,551542140900000000000
0xB2069a5506b15B98284d2f249716d38FC5B9bbbD,1654626423000000000000
0x987780A38342516068e0166aF603939E41b61a1C,5515421409000000000000
0x987780A38342516068e0166aF603939E41b61a1C,2206168563000000000000
0x1358a617CB1aa22513adB315dc33E58c8c046B93,1103084282000000000000
0x8763E8C8faA98dC78f9Cc797570410976f178933,6618505690000000000000
0x92B0d17889d5A36Bc63f756d04Ec369aC2614E36,1654626423000000000000
0xDb7015dfb194eEAA2018d1904AeC01EeA43ECd65,551542140900000000000
0xb6518414C8eE49BEC909c9f7fA819b01C8929Ac0,551542140900000000000
0x6a5Adc59e769044B16314097e76EBE3F27794A5a,1103084282000000000000
0x4a20B67AC0519CF1677Da336eB300FA4132Af88e,6618505690000000000000
0xA6aD1cd1822668e2a3aC84608dD0dc3c80388339,3309252845000000000000
0x010a041197306B8aE721C2af4a51c4DdB3874208,3309252845000000000000
0x0ce476B12F4c31aD9702F7ca4b09fE08D8f7d434,3309252845000000000000
0x7992aFd7D74e28BB0729a45b6723cA909f4BcEf1,1103084282000000000000
0x99eCBAfb517fea2bd2A3c40dAEE6696E84951b70,2757710704000000000000
0xbaD4dc6BC16b35A9376F403655048D9f20Fb47f5,1103084282000000000000
0xD04F8aB079F4f9e3e5B970a26a8678A126AaF283,551542140900000000000
0x22E3cD8dDE0506Cd61876A86b77c90d444E7317D,6618505690000000000000
0x4a20B67AC0519CF1677Da336eB300FA4132Af88e,6618505690000000000000
0x42cc45EB4eeF3ae9CD11341679DD3b75BfbbfBf5,1654626423000000000000
0x8763E8C8faA98dC78f9Cc797570410976f178933,1654626423000000000000
0xcdA528D8dF68f9E44728248a4F4c0872207771bb,1654626423000000000000
0x6B01259Eaea929717460eB1d20981288cc2a6f3E,551542140900000000000
0x9f96eD62205F88ebB352cdF46306b3d720C8eC0F,551542140900000000000
0x00ea890138fC0a6B06aF15b420353c3d12841dF7,1654626423000000000000
0x4a20B67AC0519CF1677Da336eB300FA4132Af88e,6618505690000000000000
0x5ec7847e5284585a0af4dEC750626A5b38526de0,1654626423000000000000
0x4a20B67AC0519CF1677Da336eB300FA4132Af88e,6618505690000000000000
0x353E07F362E8315a3B4F00d67C67d5B489FA7880,3309252845000000000000
0x9fBFd590FF177aB27AdD89b8f071870EFA0BB0E3,1654626423000000000000
0x210f6a9E076Af8d46d25E523f02c52cFEEDE535e,1654626423000000000000
0xa5B8E55841af8cE7ba26f5e8e6B9bE48dF021E20,1654626423000000000000
0x33c68B77aF2c6A375F038Cbdb3D6eDa9aF7cB274,551542140900000000000