0xFa265a98732Ad5267a1D9DB8da434aaBc4BA18c0,177818756600000000000000
0x433483e8BBcd31703bfbb265a587588177268cAb,73761854580000000000000
0x135d022eAD508d642e6ADEca8AC709c32995Ffa4,43466807170000000000000
0x2F298e77bA4Fd4c0B6878938F6b4071927954086,42149631190000000000000
0x11d5A07Cfcf40A445DF13C15f5c6D093c001ffBB,39515279240000000000000
0x4a20B67AC0519CF1677Da336eB300FA4132Af88e,31612223390000000000000
0x40c7E9977d99fD3Db838FfB1E312AD9E2423c457,23709167540000000000000
0x3D0ECf515E8F8E8784D4be6e8654388d8eb717a5,19757639620000000000000
0x7f2c5ce8558e0acd7f89b0168f97809f9239ecaa,17123287670000000000000
0x22E3cD8dDE0506Cd61876A86b77c90d444E7317D,15806111700000000000000
0x1e9Eea8688130c71E46c2EbDc040AA34024A0f47,14488935720000000000000
0x6c271DB083ea8835fA701CDB860f77B387412fEf,14488935720000000000000
0x3849058bb15Be2B674fFf357a38D3C53d4c21095,13171759750000000000000
0x79c6e93A4176C6ED21184fB0bcDc87bF1c7559F9,13171759750000000000000
0x010a041197306B8aE721C2af4a51c4DdB3874208,11854583770000000000000
0x73339C955c96bdfa1C2C9b9ca3d95429875Dd569,11854583770000000000000
0x8d95E1460B81527b41773B6C4B2f9d506AD98880,11854583770000000000000
0xfcEA932cE672b998D3D06eAF140a3Ef29336c30E,11854583770000000000000
0xCC8b0d940F3C450593b06e92e74C96b7908765f1,10537407800000000000000
0xf3Cae43f94F4569f728f844009aA3a01910234B9,10537407800000000000000
0x695423a61a581a1cc252796ac04dbd737E494278,9220231823000000000000
0x4dc51C8b39155Bcfe4605a0fa98dD9012A9c09bB,9220231823000000000000
0x02bc8D7Df6dC0c3c34C9ECCb19cACC1a80BE9683,9220231823000000000000
0x239374fE72E1322aD44007A24C4217fab1FA39E0,7903055848000000000000
0x7452faFF02a9678061220445Ad59c9E869baf2A9,7903055848000000000000
0x1090438FcaF18F8d632b2cEC525e8D22aCF8C10c,7903055848000000000000
0xb7846A827E60756dAa7aef93De4E7D3926B35F04,7903055848000000000000
0xA64f0d632C005C0E76276a4e4013b117F3934e61,7903055848000000000000
0x9de2b52bF7a17593B75450aEFCE337A2B6434444,7903055848000000000000
0xF5D6DFED3a254963c5d476C89249e5E3986478ea,7903055848000000000000
0x9ca5FF1dA81f58e3BBEf308027489A76Ce51A3d8,7903055848000000000000
0x9dA577bE5727D7FeB03e3115DDa2e6893d301884,7903055848000000000000
0x0c5D1220b0dFaEd89707E11328d29b3202FfcD5e,7903055848000000000000
0xA6aD1cd1822668e2a3aC84608dD0dc3c80388339,7903055848000000000000
0x353E07F362E8315a3B4F00d67C67d5B489FA7880,7903055848000000000000
0x2bd49c60495bB74029384dF8Ac02ba15C2Bb0512,7903055848000000000000
0x773658bcF21ff10ff8AB0ff286f32280d6012302,7903055848000000000000
0xeAF7eee668ecA92f1BA591b343535BCBb57A3B6b,7903055848000000000000
0xBdc2F13A3D4c1852568Fe95dA71A88a7253EDA51,6585879874000000000000
0xE1836BC9EE4b4441e9E6824F70D9fa70E3Bbe84a,6585879874000000000000
0x83ebE573bFb90BBA32b474C3335Ca605b09A0bDD,6585879874000000000000
0xFB0059FBC2c900a7cba2bB0F5eF9a131E28b5604,6585879874000000000000
0xafa70F579cDeBe990965Dd66798045Caad2b7050,6585879874000000000000
0x95cF9511Bf739cBD2935f6B35515d9e11c9C5434,6585879874000000000000
0x99eCBAfb517fea2bd2A3c40dAEE6696E84951b70,6585879874000000000000
0x8D618e25F34a17da3809C6222f5CAFF1410129A5,6585879874000000000000
0xE146DFE9ca701d75FFFE47cA15249964396C36a8,5268703899000000000000
0x221e438E4A8Fc6569457bAe62CbCcDb8b5b02a93,5268703899000000000000
0xCdC9Ee92c4DBe054b84ffea9757d47dc8A00E5f9,5268703899000000000000
0x00ea890138fC0a6B06aF15b420353c3d12841dF7,5268703899000000000000
0xB9b40a1963720C0fc0a73aA279A04E0E940Eb6ff,5268703899000000000000
0xF123d384879948D5CC1189A69cA9f175260cE174,5268703899000000000000
0x3d5988eac7dBfdC40Ac0674EE2Bd4fd01a475F2c,5268703899000000000000
0x96266f6E1056FcFf058444777f7b8804219301d4,5268703899000000000000
0xd35698a341C1F0862F65Bb0E00DFF0a592F5f728,5268703899000000000000
0x71639c22bd39378b762309623590aa6fF1373c43,5268703899000000000000
0xB98bf14c218008Ab9D0bf2b718Ac4c193Dc31ccC,6585879874000000000000
0xe3D3469f983f2E5E7c46D730A4455206089beA7c,5268703899000000000000
0xFA85425E76E07e3a77F36bd21044e35315E3f386,5268703899000000000000
0x162D461FD7783c6C3b3F87614490f38984f70E64,3951527924000000000000
0x1D4c05EB659Fe28FF58ffe6CA672ACb6c55E86D2,3951527924000000000000
0x9701cA00E025864909073e032B37c77DEa8C5B05,3951527924000000000000
0x7D5140eF8ee09bc79F110d0b3e33FE66b337A30f,3951527924000000000000
0x4ef6442bc1f86e2662b248d53c5a1824d93f4bd9,3951527924000000000000
0x4F7eF9d21fc5E8B83d37386e5507c34bF87CFC90,3951527924000000000000
0xA07Ea05eF32af75Ee21AC6EB5593CDfDD41f056d,3951527924000000000000
0x6aA45342916483d3f015d363B6151f25dF735dD1,3951527924000000000000
0x961e3d246748d00dcfC0894783bC0C161861C22B,3951527924000000000000
0x48a75da6c16f3D184243F4ff40ffBE2eeaF4933a,3951527924000000000000
0x413Cb059a15f1De3FC236E432149918E46F4e6ed,3951527924000000000000
0xdaf8cC464Cb337f1f9Ca44331D602Ee3A1cc9ca9,3951527924000000000000
0x31BBA48CCE883e6E3a1819FdEEdedb175D6F028E,3951527924000000000000
0x09d6679f6913b32Ccf0CD3803e688a3a496452D7,3951527924000000000000
0xc64797e6caB5C08B68Bcd118e3A22761e582E241,3951527924000000000000
0xdA9dc0bA2A66612391474D3A3DE5D59Dc08599Ba,3951527924000000000000
0x34f763fEBE8B58c952b31bD53c376Fcd02DC8Bb8,3951527924000000000000
0x06cADC487479d39082d91e5FDc4D79a534fd960f,3951527924000000000000
0xd50c6DE81DEdAbb67a92eE98ab342AF1032F324a,3951527924000000000000
0xa39499489936C0b0aad84eEf76DbDB79Dd863bba,3951527924000000000000
0x9cBbaB871905Fac3127f439080b085B5484AD1d0,3951527924000000000000
0x2Fa386c1D8F81Ba2AE10018F263708Cd4e280640,3951527924000000000000
0x28608Fe38BAce2Ccbc7CD00D7188eB2fcf46720C,3951527924000000000000
0xd8148089D92E5579D5aD38Cf194f449893BA28C9,3951527924000000000000
0x4660Ab36ccD9c7F202888295C9B09C0411EC8b10,3951527924000000000000
0x314b2b276eaf8fECc2DB6c604920060CccaD2436,3951527924000000000000
0x315e520a5f659a5eF75c66A72F69dFC43f8D1196,3951527924000000000000
0x1572Ca9ef546072a0759c80428775656c379B550,3951527924000000000000
0x104fcdbd268EB4091889d89E026be21e4b38868d,3951527924000000000000
0xB738e885c05C16B92c36fd38a45bD6862BB761dD,3951527924000000000000
0xCb884A23577B6fe4193a8775F1D0131aaC5c30d3,3951527924000000000000
0x557917ca0A0edB3Ed9957E29b4777a3fd4BB507B,3951527924000000000000
0xca46CBa50ac1c478Cc80eb478D5B360133162B9c,3951527924000000000000
0x0A76bbAf2b43a45bdaf92aBD2A32902B8e0b21b7,3951527924000000000000
0x5842189f1A0AabfEe37449285EE5262CB33e2946,3951527924000000000000
0x524d63FB924D0d7BbEB93b50a73d548bf388F04B,3951527924000000000000
0x05dcB5369d059be49148197C6A96d0A8eF0993E5,3951527924000000000000
0x55CE30da603B3F3430C0A2782cE5E0aDE8318c84,3951527924000000000000
0x863ab57e290e71AB618684991D4D2F569E798faD,3951527924000000000000
0x8c62482f04E5c4880ada47b0aaE7DB1f41A075f6,3951527924000000000000
0x40CBD23A880fC32c607291BeC687697CaABD8803,3951527924000000000000
0x74984cf9640Faf8E4990701aEB04F732cE136E3c,3951527924000000000000
0x864DB360581F8f1f833D56f97876919eA791DB2F,3951527924000000000000
0x6Bf5EE5390E49AE8C0Fa1E4aDa41B7e69d6C4c9B,3951527924000000000000
0x4F7934A9576a78213f821708298FBE51beDfb9DB,3951527924000000000000
0xD6b41Cd4E7ABCF049eB95FaC7e0B639465596147,3951527924000000000000
0x6fBfbF0327a62Dd23ba74FE0046B033a7a5A24BC,3951527924000000000000
0x95D04983ea58ded31d8AbfB823B5eaE864681bF7,3951527924000000000000
0x17db59Ad87cFd61474190632A9d746Ac15516850,3951527924000000000000
0xE05E358eCa7188AcEe607270D8AC7e42f78A2ddD,3951527924000000000000
0x6708dcC6D0Ae5f0EBf041bB6bD554e7B286CB3b3,3951527924000000000000
0xB3C2c1141a8a885fA2404EC19aFA1cf86d4bcb11,3951527924000000000000
0x963aC03412F826a65a3Bb6403093a7143F1D7784,3951527924000000000000
0x1205942BD0e22f22099f51eccc0B799D9Eaf89f4,3951527924000000000000
0x367D710606462ce8D815D50560F69Af71802B6CE,3951527924000000000000
0xa1eA8228d2c3d0766E3817b22b7C2BE1aFaad2a2,3951527924000000000000
0xe2903eC8F0e117D0956F220933A5d9F4c7Cd312b,3951527924000000000000
0x279f48154D408D8f8b392923195E067E64018929,3951527924000000000000
0x9A75062cadAeac94842800E888d59787Fcb2dF88,3951527924000000000000
0x5ab75956E646017a97391d62bD379821c6580475,3951527924000000000000
0x5efb106b2db32a7298e2eb4348935700a1bd0a84,3951527924000000000000
0x9e859A71B1bDbA251d125Ce6225F062BF48d908a,3951527924000000000000
0xE55F93159BCd20dBAF37098A0E30eBf923df582E,3951527924000000000000
0x353e98116a4FcA6b58902Cb583E560d2a024431D,3951527924000000000000
0x2d55453641fC19731b0b2f62C02906B9cc5c26b8,3951527924000000000000
0x04D23a785Fab0da015e661354c8D05b18876E9A9,3951527924000000000000
0xE33C8C50E8B8aA36Cc589a6cf31A6c9c0c314676,3951527924000000000000
0xFDFBd4765c15d28D91B8939b4796558F5334b52F,3951527924000000000000
0x5104828445BeD37857170C23836Bb5b51609F1ed,3951527924000000000000
0xB2069a5506b15B98284d2f249716d38FC5B9bbbD,3951527924000000000000
0xA92cd70cEA6D7D4b653a478DDeD8845362f04ecb,3951527924000000000000
0x6590324dB19418308694855661D3ACfb60F40a4D,2634351949000000000000
0xD0A6c60Fc9715B5D30f8674337b202693cC9e2fE,2634351949000000000000
0x812A7785eBA06386965d1Bd3b7F5D7e5f21Bf767,2634351949000000000000
0x64BED09E2a35711d1635CeDFB4330948cF36d851,2634351949000000000000
0xc56f63451E6e123cEB5DA1019A07d53f194f5B48,2634351949000000000000
0xC46605D95977eb218266FC3E5211269503DB67Ac,2634351949000000000000
0x88dcaD01503edbCD0795D332F9C3744304a71a15,2634351949000000000000
0xec9235f9dd3A1221E475cb3E4520ac2Ae2ec08eE,2634351949000000000000
0xfBE6006A193560150F63902B7C8B69fa8739Bc95,2634351949000000000000
0xA431402b0922C340B03D106424E30BFAB98C7498,2634351949000000000000
0xe0d58385e77f5DB559D84E555459305E5369C89B,2634351949000000000000
0xDb7015dfb194eEAA2018d1904AeC01EeA43ECd65,2634351949000000000000
0x6d21F799B0D2FD1B09828F823226616066D153e4,2634351949000000000000
0x41d83f790E9703B8fe43D9434aEc2cA259df18fF,2634351949000000000000
0x873Abe3d782e2E4a7E0179b55430eB6fE76159F9,2634351949000000000000
0xf850A63B902933979048aFec63dB143c55dd7045,2634351949000000000000
0x42F804D69299CFA0B43540FfD09cFc78987dF2C2,2634351949000000000000
0x14d1a955e2467ee8D04d747EeD647c7966E6AC06,1317175975000000000000
0x228Bf122f0A985C2c9Bc63385F6fc9e3731894f1,1317175975000000000000
0x7B4920c43Fba5b53EeBCf439E5bC5a5fE98a958C,1317175975000000000000
0xD3ad937516a7E19C3c9562462e3a9BEB554Be11E,1317175975000000000000
0x9D06DCCb9f5D1C79Dce56003549815DC1F3cDAc2,1317175975000000000000
0xA1018f4949976D090CCe0f4d4CDf23c8BeE1229C,1317175975000000000000
0x0c442623B6B99C967d897077EA500E9aCddc8ab9,1317175975000000000000
0x6F760f6A4A7dfbad86C0f568b6516f9b2A8FAcca,1317175975000000000000
0x2a54Eb30B23A81EfD5052d0293Ea4638D55A763E,1317175975000000000000
0x1358a617CB1aa22513adB315dc33E58c8c046B93,1317175975000000000000
0x599571b36849Ec01ae6a6401288f2F75bD6b996a,1317175975000000000000
0xA8e770D5976A2E54F9D5c3A16c41a1aACa0244D6,1317175975000000000000
0xD73E9Ba2d2806807C5bb82D9B0D73462c70718d8,1317175975000000000000
0xD9052b142CEa223d913b6b786AA707C4E6C195dC,1317175975000000000000
0x810EcAc7a0f31dD0f32d68748a7242b1551E2496,1317175975000000000000
0x5075F3b632EB8E16C4b14d04817701B7722eF786,1317175975000000000000
0x0Ff75354B403bEaee5122a9bCa41E82d1aFB5171,1317175975000000000000
0x44415C6431DbEDb2e71B08F7555cdfc588E7a151,1317175975000000000000
0xE03E36F8687C5Ce98682c84E5aDAC6d37487Ddd3,1317175975000000000000
0x0e589adCdbFB307fdF69f3A82D5e1B914E7F4643,1317175975000000000000
0xaF41ECF2b33812D98Dd95BCbd535a96DB7f3f34C,1317175975000000000000
0x2f2FD29Ca72D0550fd7C52c4a711dCe4fa731Eba,1317175975000000000000
0x746efa363E67cb64E07B2B2E27C0ee719C1e894f,1317175975000000000000
0x33c68B77aF2c6A375F038Cbdb3D6eDa9aF7cB274,1317175975000000000000
0xAAb2eACC08690BDbE4A11F43498cA0b9D37D16c2,1317175975000000000000
0x671b7035a8a7c4072f14bD2C3060695d6b033484,1317175975000000000000
0xAb90a257a7A4A36042833e8C41bd62c2956Ce951,1317175975000000000000
0xfad76c60986Ab7aC67c6a2cBab59f0049C1D1fEC,1317175975000000000000
0x6310d25AD2aC1456CFF02B70baC18A1A4e49e107,1317175975000000000000
0x4fa268ff1EE3F33fcd14504E4e6377989341b7e2,1317175975000000000000
0x0EBD29ccFdEEf2B09730aDC291f9A64b78dfeAEa,1317175975000000000000
0x8F88eaD29315353821fF11e7fc2fe81015cce379,1317175975000000000000
0x7Fe28c576Bd821d495a08e244d11Cf33069b17C0,1317175975000000000000
0xFF50CD21eDa03f05B73a9949EBd197B6Ab85f3b3,1317175975000000000000
0x78d1d6F19Cd09f8c73b1D1791D6aaa30639F1f9A,1317175975000000000000