0xFa265a98732Ad5267a1D9DB8da434aaBc4BA18c0,116923324500000000000000
0x433483e8BBcd31703bfbb265a587588177268cAb,70002504930000000000000
0x11d5A07Cfcf40A445DF13C15f5c6D093c001ffBB,30377258880000000000000
0x135d022eAD508d642e6ADEca8AC709c32995Ffa4,27754899420000000000000
0x2F298e77bA4Fd4c0B6878938F6b4071927954086,26964636760000000000000
0x7Dd0Cb21E7C74776bd57f939C4F608246D32f6C4,25430597490000000000000
0x4a20B67AC0519CF1677Da336eB300FA4132Af88e,20303460900000000000000
0x40c7E9977d99fD3Db838FfB1E312AD9E2423c457,16707629110000000000000
0x00ea890138fC0a6B06aF15b420353c3d12841dF7,15135307220000000000000
0x8d95E1460B81527b41773B6C4B2f9d506AD98880,15039600670000000000000
0x3D0ECf515E8F8E8784D4be6e8654388d8eb717a5,14771622330000000000000
0x4F7eF9d21fc5E8B83d37386e5507c34bF87CFC90,11115632130000000000000
0x1e9Eea8688130c71E46c2EbDc040AA34024A0f47,10924219030000000000000
0x010a041197306B8aE721C2af4a51c4DdB3874208,10719133570000000000000
0x73339C955c96bdfa1C2C9b9ca3d95429875Dd569,10628895960000000000000
0x67c222D79349f4F1bE073b290ef4d486861da091,10185911360000000000000
0x9397D779c63FAAF7F2e4c358a35E58bf53CcCFa1,10073797980000000000000
0x6fBfbF0327a62Dd23ba74FE0046B033a7a5A24BC,9980825898000000000000
0x02bc8D7Df6dC0c3c34C9ECCb19cACC1a80BE9683,9707378613000000000000
0x6c271DB083ea8835fA701CDB860f77B387412fEf,9570654971000000000000
0x0c5D1220b0dFaEd89707E11328d29b3202FfcD5e,9297207686000000000000
0x3849058bb15Be2B674fFf357a38D3C53d4c21095,9023760401000000000000
0x4dc51C8b39155Bcfe4605a0fa98dD9012A9c09bB,8506945033000000000000
0xCC8b0d940F3C450593b06e92e74C96b7908765f1,8490538196000000000000
0xfcEA932cE672b998D3D06eAF140a3Ef29336c30E,8203418547000000000000
0xb7846A827E60756dAa7aef93De4E7D3926B35F04,8159666981000000000000
0x55CE30da603B3F3430C0A2782cE5E0aDE8318c84,8094039633000000000000
0x695423a61a581a1cc252796ac04dbd737E494278,7383076692000000000000
0xE1836BC9EE4b4441e9E6824F70D9fa70E3Bbe84a,7314714871000000000000
0x9de2b52bF7a17593B75450aEFCE337A2B6434444,6882668161000000000000
0xf3Cae43f94F4569f728f844009aA3a01910234B9,6868995796000000000000
0xA3e2A974a9C64BA00A6baA7A30aAB6ebc6B79361,6836182122000000000000
0xA64f0d632C005C0E76276a4e4013b117F3934e61,6680317170000000000000
0x1572Ca9ef546072a0759c80428775656c379B550,6412338831000000000000
0x2d55453641fC19731b0b2f62C02906B9cc5c26b8,6016934057000000000000
0xe83De556e282236A6676610CC6830D2F082254d6,6015840267000000000000
0x7452faFF02a9678061220445Ad59c9E869baf2A9,5879116625000000000000
0x22E3cD8dDE0506Cd61876A86b77c90d444E7317D,5879116625000000000000
0x4fa268ff1EE3F33fcd14504E4e6377989341b7e2,5745127455000000000000
0xdaf8cC464Cb337f1f9Ca44331D602Ee3A1cc9ca9,5742392983000000000000
0x0cFFc3c4DE630698Ee0C39900dE864eF07A5138d,5742392983000000000000
0xB9b40a1963720C0fc0a73aA279A04E0E940Eb6ff,5646686433000000000000
0xd9f17CDc2BDf05a832a3A5201132d7797fc74316,5488087008000000000000
0x353E07F362E8315a3B4F00d67C67d5B489FA7880,5468945698000000000000
0x2bd49c60495bB74029384dF8Ac02ba15C2Bb0512,10937891396000000000000
0x9ca5FF1dA81f58e3BBEf308027489A76Ce51A3d8,5468945698000000000000
0x7253d6d87472Cc2C0E827E261cB1565840Dd2e39,5345894419000000000000
0x8F88eaD29315353821fF11e7fc2fe81015cce379,5310346272000000000000
0x7D5140eF8ee09bc79F110d0b3e33FE66b337A30f,5310346272000000000000
0xFB0059FBC2c900a7cba2bB0F5eF9a131E28b5604,5195498413000000000000
0x1090438FcaF18F8d632b2cEC525e8D22aCF8C10c,5195498413000000000000
0x60E67d916eeD437D5939e0F962EE7F12a2257494,5195498413000000000000
0x19a4b2FE3D058D8ABF43c212b8986faeD74Ca73a,5195498413000000000000
0xB98bf14c218008Ab9D0bf2b718Ac4c193Dc31ccC,5168153684000000000000
0x99eCBAfb517fea2bd2A3c40dAEE6696E84951b70,5086119499000000000000
0xB738e885c05C16B92c36fd38a45bD6862BB761dD,4946661384000000000000
0x8D618e25F34a17da3809C6222f5CAFF1410129A5,4941192438000000000000
0x239374fE72E1322aD44007A24C4217fab1FA39E0,4922051128000000000000
0xF5D6DFED3a254963c5d476C89249e5E3986478ea,4922051128000000000000
0xafa70F579cDeBe990965Dd66798045Caad2b7050,4922051128000000000000
0x9dA577bE5727D7FeB03e3115DDa2e6893d301884,4922051128000000000000
0x83ebE573bFb90BBA32b474C3335Ca605b09A0bDD,4913847709000000000000
0x1D4c05EB659Fe28FF58ffe6CA672ACb6c55E86D2,4853689307000000000000
0x95cF9511Bf739cBD2935f6B35515d9e11c9C5434,4785327485000000000000
0x353e98116a4FcA6b58902Cb583E560d2a024431D,4498207836000000000000
0x96266f6E1056FcFf058444777f7b8804219301d4,4416173651000000000000
0xE146DFE9ca701d75FFFE47cA15249964396C36a8,4388828922000000000000
0xd8148089D92E5579D5aD38Cf194f449893BA28C9,4375156558000000000000
0x716B0761B02db102f72950544411e1bC80bbeb09,4375156558000000000000
0x6708dcC6D0Ae5f0EBf041bB6bD554e7B286CB3b3,4366953140000000000000
0x5ab75956E646017a97391d62bD379821c6580475,4257574226000000000000
0xd35698a341C1F0862F65Bb0E00DFF0a592F5f728,4170071094000000000000
0xBdc2F13A3D4c1852568Fe95dA71A88a7253EDA51,4129054002000000000000
0xCdC9Ee92c4DBe054b84ffea9757d47dc8A00E5f9,4101709273000000000000
0x68d704ECf88f032c96Ce8cDeE0A6cd464f4D3748,4101709273000000000000
0x1205942BD0e22f22099f51eccc0B799D9Eaf89f4,4101709273000000000000
0xd4C122C143C26D2cbFC869b6F5aBD326aE993Ab1,4101709273000000000000
0x28608Fe38BAce2Ccbc7CD00D7188eB2fcf46720C,4088036909000000000000
0xdA9dc0bA2A66612391474D3A3DE5D59Dc08599Ba,4074364545000000000000
0xF123d384879948D5CC1189A69cA9f175260cE174,3978657995000000000000
0xD73E9Ba2d2806807C5bb82D9B0D73462c70718d8,3978657995000000000000
0x34f763fEBE8B58c952b31bD53c376Fcd02DC8Bb8,3841934353000000000000
0xc64797e6caB5C08B68Bcd118e3A22761e582E241,3828261988000000000000
0x447BCac1152D8fe5fc2ce4acFD0D87D89B84Db6B,3828261988000000000000
0x3cf2dde4b15AF46aa18864Ce94725f9019283576,3691538346000000000000
0x221e438E4A8Fc6569457bAe62CbCcDb8b5b02a93,3612238633000000000000
0xA534abcc2AEa6E52552A0f2e5b33E25BD2Fa5ffa,3587628378000000000000
0x1b114FFCCd31eE900b417D0c5E6dE43DCE987485,3573956013000000000000
0x36F3063183ca5345aFD6398178766f1967f682A0,3554814703000000000000
0x95D04983ea58ded31d8AbfB823B5eaE864681bF7,3554814703000000000000
0x74846a0745d0BbFE97f93d6091B5d09763bE70B9,3554814703000000000000
0xA8e770D5976A2E54F9D5c3A16c41a1aACa0244D6,3486452882000000000000
0x05dcB5369d059be49148197C6A96d0A8eF0993E5,3486452882000000000000
0x413Cb059a15f1De3FC236E432149918E46F4e6ed,3418091061000000000000
0x4ddDEbc226A97dE103Bb86C6E2B396521C194a7f,3418091061000000000000
0x279f48154D408D8f8b392923195E067E64018929,3404418697000000000000
0xeAF7eee668ecA92f1BA591b343535BCBb57A3B6b,3322384511000000000000
0x384589bD1D9C8240642dEEE0A424c2f4eEC970cB,3308712147000000000000
0x6590324dB19418308694855661D3ACfb60F40a4D,3295039783000000000000
0xd50c6DE81DEdAbb67a92eE98ab342AF1032F324a,3281367419000000000000
0xa1eA8228d2c3d0766E3817b22b7C2BE1aFaad2a2,3281367419000000000000
0xA07Ea05eF32af75Ee21AC6EB5593CDfDD41f056d,3281367419000000000000
0x0A76bbAf2b43a45bdaf92aBD2A32902B8e0b21b7,3281367419000000000000
0xe3D3469f983f2E5E7c46D730A4455206089beA7c,3281367419000000000000
0xF1924b9f17269744d2C5880cbB84c5a3c44D929F,3281367419000000000000
0x2Dbdce62Ef743c196E667B0ABAE988887c805Fc8,3281367419000000000000
0x7B4920c43Fba5b53EeBCf439E5bC5a5fE98a958C,3281367419000000000000
0xf50Fee3A8196e49bfb6501e86411936EcB03E952,3254022690000000000000
0xD3ad937516a7E19C3c9562462e3a9BEB554Be11E,3213005597000000000000
0x164Df68E8EAd7dCFDa62452F0F16f120be4C2d93,3163785086000000000000
0x021fcAF2Fd9181c7fc291d7614CCcaD68A221747,3158316140000000000000
0xFA85425E76E07e3a77F36bd21044e35315E3f386,3158316140000000000000
0xDa6541d2D2BA440e58Aac571119ACFbFbb90DC06,3158316140000000000000
0x00305a69E7ecD9f5f52e3484b0172F4c75761730,3158316140000000000000
0x671b7035a8a7c4072f14bD2C3060695d6b033484,3103626683000000000000
0x6aA45342916483d3f015d363B6151f25dF735dD1,3035264862000000000000
0x8c62482f04E5c4880ada47b0aaE7DB1f41A075f6,3035264862000000000000
0x4F7934A9576a78213f821708298FBE51beDfb9DB,3027061444000000000000
0xA8051DF1A249Fb92E51C8dd5446d468A2a5B0B7B,3007920134000000000000
0x04D23a785Fab0da015e661354c8D05b18876E9A9,3007920134000000000000
0xa39499489936C0b0aad84eEf76DbDB79Dd863bba,3007920134000000000000
0xe54A363B7C34E81D20fF7f57d2659Fe323b6dc9d,3007920134000000000000
0x9701cA00E025864909073e032B37c77DEa8C5B05,3007920134000000000000
0x74984cf9640Faf8E4990701aEB04F732cE136E3c,3007920134000000000000
0x4c6A90b5C71F2D3B93aE6102afc8D12EA0ACcDAD,3007920134000000000000
0xC8136588f0C73f595383F86d0BfF1623253e0dd4,3007920134000000000000
0x6d21F799B0D2FD1B09828F823226616066D153e4,2980575405000000000000
0xB3C2c1141a8a885fA2404EC19aFA1cf86d4bcb11,2898541220000000000000
0xAAb2eACC08690BDbE4A11F43498cA0b9D37D16c2,2871469939000000000000
0x104fcdbd268EB4091889d89E026be21e4b38868d,2871196491000000000000
0xE55F93159BCd20dBAF37098A0E30eBf923df582E,2871196491000000000000
0xaF41ECF2b33812D98Dd95BCbd535a96DB7f3f34C,2865727546000000000000
0xfBE6006A193560150F63902B7C8B69fa8739Bc95,2761817577000000000000
0x863A17c3F88aE52cD0055c20a021345328dF6E49,2734472849000000000000
0x6Bf5EE5390E49AE8C0Fa1E4aDa41B7e69d6C4c9B,2734472849000000000000
0xe2903eC8F0e117D0956F220933A5d9F4c7Cd312b,2734472849000000000000
0xD896128ca2Efbb7c60d5d652693bDbe875064A95,2734472849000000000000
0x1358a617CB1aa22513adB315dc33E58c8c046B93,2734472849000000000000
0x71639c22bd39378b762309623590aa6fF1373c43,2685252338000000000000
0x524d63FB924D0d7BbEB93b50a73d548bf388F04B,2638766299000000000000
0x9C9E22B6d527a68279f8BdA25FdE4536341C3B8F,5239249977800000000000
0x961e3d246748d00dcfC0894783bC0C161861C22B,2597749206000000000000
0x8763E8C8faA98dC78f9Cc797570410976f178933,2597749206000000000000
0xCb884A23577B6fe4193a8775F1D0131aaC5c30d3,2502042657000000000000
0xca46CBa50ac1c478Cc80eb478D5B360133162B9c,2488370292000000000000
0x864DB360581F8f1f833D56f97876919eA791DB2F,2461025564000000000000
0xD0A6c60Fc9715B5D30f8674337b202693cC9e2fE,2461025564000000000000
0x06cADC487479d39082d91e5FDc4D79a534fd960f,2461025564000000000000
0x4660Ab36ccD9c7F202888295C9B09C0411EC8b10,2461025564000000000000
0x5842189f1A0AabfEe37449285EE5262CB33e2946,2461025564000000000000
0x5373A3642144502fBc0B03A682773a64381B9F54,2461025564000000000000
0x8a98f204857734945a50049effd22e56fca7e02f,2461025564000000000000
0x773658bcF21ff10ff8AB0ff286f32280d6012302,2461025564000000000000
0x5c35d43Af9E5Ee60A06B77b89998d6f742fac476,2461025564000000000000
0x4ef6442bc1f86e2662b248d53c5a1824d93f4bd9,2461025564000000000000
0x314b2b276eaf8fECc2DB6c604920060CccaD2436,2461025564000000000000
0x612609D8D6FfC905662Ee23093B848E463165d58,2461025564000000000000
0xB63e4EA44b2CF5feb629B8d6b0274112441255f8,2461025564000000000000
0x2Fa386c1D8F81Ba2AE10018F263708Cd4e280640,2461025564000000000000
0x40CBD23A880fC32c607291BeC687697CaABD8803,2461025564000000000000
0x09d6679f6913b32Ccf0CD3803e688a3a496452D7,2461025564000000000000
0x9cBbaB871905Fac3127f439080b085B5484AD1d0,2461025564000000000000
0x490a4e7346Dcfc6034a8a5ea5eFD7c59A3cBFBF7,2461025564000000000000
0x557917ca0A0edB3Ed9957E29b4777a3fd4BB507B,2461025564000000000000
0x5CD3D358426843abADDD6b0848De97b6C48a0801,2461025564000000000000
0xFDFBd4765c15d28D91B8939b4796558F5334b52F,2461025564000000000000
0x36c569AfCD8483A5328d868dB2b260Ea8c9d2890,2461025564000000000000
0x7Fe28c576Bd821d495a08e244d11Cf33069b17C0,2461025564000000000000
0xCA22D5b8E3A5bC19DF1b8F51616b910484332ED8,2461025564000000000000
0xFb42ea5C64fFdAfCD8022fE321e1eF0197a8fC8F,2461025564000000000000
0x3E17AcE9D64D54C6Bd42eda754aa9afEFAD7a687,2461025564000000000000
0xe0d58385e77f5DB559D84E555459305E5369C89B,2461025564000000000000
0xE33C8C50E8B8aA36Cc589a6cf31A6c9c0c314676,2461025564000000000000
0x6F760f6A4A7dfbad86C0f568b6516f9b2A8FAcca,2337974286000000000000
0xf53540a33fBb912B32E13642157b69FeCc2ae84c,2324301922000000000000
0xDb7015dfb194eEAA2018d1904AeC01EeA43ECd65,2275081410000000000000
0xec9235f9dd3A1221E475cb3E4520ac2Ae2ec08eE,2228595372000000000000
0xA431402b0922C340B03D106424E30BFAB98C7498,2187578279000000000000
0xdad5b3eCf8a189Db087773c512a64506F019541E,2187578279000000000000
0x42F804D69299CFA0B43540FfD09cFc78987dF2C2,2187578279000000000000
0xc56f63451E6e123cEB5DA1019A07d53f194f5B48,2187575545000000000000
0x64BED09E2a35711d1635CeDFB4330948cF36d851,2113747512000000000000
0x9D06DCCb9f5D1C79Dce56003549815DC1F3cDAc2,2108278566000000000000
0xaaa6205561a9517e0C7E85a8a222C2Ee3361E17b,2091871729000000000000
0x6310d25AD2aC1456CFF02B70baC18A1A4e49e107,2075464892000000000000
0xf850A63B902933979048aFec63dB143c55dd7045,2064527001000000000000
0x76f4e1Df5d5e3e8b8C7345EF08b751aFE821f4b4,1914130994000000000000
0x433021eD1FCb241F3B0C5FD76e58c05ebB4F87EA,1914130994000000000000
0x582E0b4045B11556894deF64200E09C3030b353c,1845769173000000000000
0x33c68B77aF2c6A375F038Cbdb3D6eDa9aF7cB274,1777407352000000000000
0xDdB9760ff42B8186c50dA15d7c9772251F87209b,1777407352000000000000
0x6B01259Eaea929717460eB1d20981288cc2a6f3E,1750062623000000000000
0x41d83f790E9703B8fe43D9434aEc2cA259df18fF,1687169748000000000000
0x0c442623B6B99C967d897077EA500E9aCddc8ab9,1668028438000000000000
0x42cc45EB4eeF3ae9CD11341679DD3b75BfbbfBf5,1654356074000000000000
0x8Fd15971EB8178644dcF4b3Cd239Bc02986e4391,1640683709000000000000
0x9FE9Ac62A999d13cb311ddA8710E7CaE38E55291,1640683709000000000000
0xE03E36F8687C5Ce98682c84E5aDAC6d37487Ddd3,1640683709000000000000
0xAa6012a16Ec0BD6438aa03C0249891494715eFbd,1640683709000000000000
0xE2A3E4B75257826Da5e4AB9a3Adf99E2AB48C833,1640683709000000000000
0x44415C6431DbEDb2e71B08F7555cdfc588E7a151,1640683709000000000000
0x7AB0F85E2de9c89629ADb874a5CF0Ad33B3A6912,1640683709000000000000
0x367D710606462ce8D815D50560F69Af71802B6CE,1640683709000000000000
0x50CAc06bFC1488fc8D22ffD8B72Ad7A390DC8B2b,1640683709000000000000
0x526B1d650767E468239164Ef999535DD90976FB4,1531304795000000000000
0x8B883C6d8d675d833Ec74F226f34a608320D971a,1435598246000000000000
0xD9052b142CEa223d913b6b786AA707C4E6C195dC,1367236424000000000000
0xFF50CD21eDa03f05B73a9949EBd197B6Ab85f3b3,1367236424000000000000
0xbEfF8217477165E49eb3cf5A6D72556E960A2B7F,1367236424000000000000
0x5fD5942c70C433630DeD2866564cE6154b30DF1d,1367236424000000000000
0xedaABc929F4987FdAf1ae6463a056ae5Ec44c77e,1367236424000000000000
0x810EcAc7a0f31dD0f32d68748a7242b1551E2496,1367236424000000000000
0xC4820b7992c47f84D2fb0B945C0a6638325E996A,1298874603000000000000
0x4968d5d42754e1C47d870BEBE0D6B408A46cCC7C,1298874603000000000000
0x599571b36849Ec01ae6a6401288f2F75bD6b996a,1257857510000000000000
0xB2069a5506b15B98284d2f249716d38FC5B9bbbD,1249654092000000000000
0x5075F3b632EB8E16C4b14d04817701B7722eF786,1230512782000000000000
0x9f96eD62205F88ebB352cdF46306b3d720C8eC0F,1230512782000000000000
0x2E04d55029c180426c460D05A5c7573C66d9Bad0,1203168053000000000000
0xC46605D95977eb218266FC3E5211269503DB67Ac,1093789140000000000000
0x0EBD29ccFdEEf2B09730aDC291f9A64b78dfeAEa,1093789140000000000000
0xD25FaF6A63C974601473E2cA8CB46b49a15C5CA0,1093789140000000000000
0x56707b0FB853f6D206D67d91817CF9E27748b7ad,984410225600000000000
0xA1018f4949976D090CCe0f4d4CDf23c8BeE1229C,957065497100000000000
0x0430fceF883b52548040d177c7750A84F199763D,957065497100000000000
0x408C554D45e79cBfE1d671Ca6c3ea3a8FFE49B34,820341854700000000000
0x180fa79E1598Dd7Cc58bFf03d03BFb01b8A76cFF,820341854700000000000
0x3529f23f77ea5DE7F49709bCE03d0470CFD180AC,820341854700000000000
0xE20A4B8A2e40Ec5dd01Ff3647cdD03c7E1d8E001,820341854700000000000
0xC0c36F34005F6aDd46FF273111D3003A7fBE96af,820341854700000000000
0x74bF6935ebfCE7F0b3e93ff19848A47440CD05f5,820341854700000000000
0x3ab25c864541f3e4365416BBe40be9F0273bB531,820341854700000000000
0x63e7A8b411e05161125b1C54269c3D04A1e21f64,820341854700000000000
0x0Ff75354B403bEaee5122a9bCa41E82d1aFB5171,820341854700000000000
0x673b1e8cD62C67989972C6bf2bD176738E1E8c5E,820341854700000000000
0x78d1d6F19Cd09f8c73b1D1791D6aaa30639F1f9A,820341854700000000000
0x8db75801eAF9EacA9E2d6048ebF1F3704cbE8B08,820341854700000000000
0x5dA2c30dA42cB5Eb7F302e7281293083def1c489,820341854700000000000
0x8dAbF8f284E3b430B766Da2D7c72747ee7F8CbbB,820341854700000000000
0xB77729E9C00a508351BD81f01657eB2DbAC247eA,820341854700000000000
0x420c9D659105f5662cC1ec7bB7f60786a86Bb102,820341854700000000000
0xe1e8e59Eb62e7785D0570F57112cE7731dd2f365,820341854700000000000
0xf65F70F875b8cA69a10201ACdA215FBdda7955b3,820341854700000000000
0xa1514D16AA513A1B60Ff7d6F99e40d3C6d2126D5,820341854700000000000
0xB95a071d9F4752E610c77014809c1AbD2Df4F50F,820341854700000000000
0x4b5fB113a712fD3aB176bb530A6779F42F6275dA,820341854700000000000
0x1bbDa612525d0361a0C46fc001830a6E0dDb7eAa,738307669200000000000
0x07862Bde5dc512a6783020Dbd10094dc26F10073,683618212200000000000
0x463aF3092D5E7A3150a69d3c80BcE6428C384d4e,683618212200000000000
0x7B5BF738f19CB5E8a2a787367516bbE71C8f42B3,620725336700000000000
0xda0228B5fF4c366c98c8D0ce5e0cE382F33FD28F,615256391000000000000
0x4F9099d1C393bFB576f6E541E4BdC42d5050366f,587911662500000000000
0xB1279cda8Eb9c072329F1935C8197a2c7C839aa8,546894569800000000000
0x879F7BdD35868fa0916A11D0Ce020254D00f127f,546894569800000000000
0x7C4D298FF07153bc7a47deE05B9dFd61e35ef342,546894569800000000000
0x38778294cBD007d820239FEC1A3Db2460cd7e93d,546894569800000000000
0x3abad7503A79488780b5D572D099e383bB74F3d6,546894569800000000000
0x50E2A6E33fd04649608172C18E551658F6680406,546894569800000000000
0x9cc785401E0A3Ff91374842B7CbBb0D353d6903B,546894569800000000000
0x022733ecC4FD9FE2b5525eBf3123BC4Ee9D1A80D,546894569800000000000
0x9eC6c522932976ad249d3A570177714bb6359f6A,546894569800000000000
0xD30907f5470Ed15215201346C8D5e02A327e34db,546894569800000000000
0xcf33196Af525f3A9c95ebc21411527eFf973ecb5,546894569800000000000
0xED6e29b74f23886198222CdD11b550A15253eE91,478532748500000000000
0x7B2ADb2d5A89f91e927504E3Fb8329b5258A1b83,423843291600000000000
0x983268d0047121Af20a054Cdf91808fCc79D2396,410170927300000000000
0x37FB7FAeD4A27A6b84688cDAd0E898948Ef7De63,410170927300000000000
0xcC7d830eD37b7dA4bcF6bCd4f2A09089DEF774B7,410170927300000000000
0x3e23999eD1b63b2a13205fe875Ae90F8F73D8391,410170927300000000000
0x0A9a566014593A3198Ce19238398FE68a080254f,300792013400000000000
0x07064128Ef444f07cDa9707764CFCf93eB2c1857,273447284900000000000
0x5c0FA42f598c43A924Ba75E7593aE22f99ADf87D,273447284900000000000
0x84208d5BFbFcA071369F88EC9774713Ec7a73675,273447284900000000000
0x2261b9A767DD72e19DD3103bCA8566DbE99EFFFf,273447284900000000000
0xD2698948503CE1fd242cb81ad9af97ddCd7f4EF9,273447284900000000000
0x14358553c0318e3342769df2f5B7375152F6964E,205085463700000000000
0xe952AF3ceB8df334A0Dc5919C819da95F1d439f7,136723642400000000000
0x48F77371F02b50c509F3684A660f6702F53d6Fc5,136723642400000000000
0x22fB43726E729dD87cE62C7549636730ca444050,136723642400000000000
0xcbd554C7445B517fe21D4134b0104013926D28bc,136723642400000000000
0xe6bD654857d0adDF9E6790c886EB64f1375cf56B,136723642400000000000
0x61D5856384685c12571e8B4581F54CC10746c852,136723642400000000000